Training ID,Training Name
T - 12341,Training 1
T - 12342,Training 2
T - 12343,Training 3
T - 12344,Training 4
T - 12345,Training 5
T - 12346,Training 6
T - 12347,Training 7
T - 12348,Training 8
T - 12349,Training 9
T - 123410,Training 10
T - 123411,Training 11
T - 123412,Training 12
T - 123413,Training 13
T - 123414,Training 14
T - 123415,Training 15
T - 123416,Training 16
T - 123417,Training 17
T - 123418,Training 18
T - 123419,Training 19
T - 123420,Training 20
T - 123421,Training 21
T - 123422,Training 22
T - 123423,Training 23
T - 123424,Training 24
T - 123425,Training 25
T - 123426,Training 26
T - 123427,Training 27
T - 123428,Training 28
T - 123429,Training 29
T - 123430,Training 30
T - 123431,Training 31
T - 123432,Training 32
T - 123433,Training 33
T - 123434,Training 34
T - 123435,Training 35
T - 123436,Training 36
T - 123437,Training 37
T - 123438,Training 38
T - 123439,Training 39
T - 123440,Training 40
T - 123441,Training 41
T - 123442,Training 42
T - 123443,Training 43
T - 123444,Training 44
T - 123445,Training 45
T - 123446,Training 46
T - 123447,Training 47
T - 123448,Training 48
T - 123449,Training 49
